millis,temp_c,pressure_hpa,humidity_pct
0,21.99,1012.99,44.97
5000,22.07,1012.99,44.52
10000,22.05,1012.97,44.88
15000,22.04,1012.99,45.27
20000,22.1,1012.98,44.67
25000,21.97,1012.98,45.26
30000,22.07,1012.96,45.0
35000,21.96,1012.94,44.96
40000,22.16,1012.94,44.9
45000,22.12,1012.98,44.43
50000,22.15,1012.86,43.95
55000,22.07,1012.88,44.97
60000,22.18,1012.86,44.94
65000,22.06,1012.91,44.57
70000,22.16,1012.95,44.83
75000,22.19,1012.93,44.75
80000,22.12,1012.86,44.44
85000,22.23,1012.88,45.26
90000,22.13,1012.83,44.76
95000,22.32,1012.9,44.75
100000,22.33,1012.86,44.05
105000,22.19,1012.91,44.02
110000,22.24,1012.87,44.33
115000,22.31,1012.88,45.1
120000,22.31,1012.81,44.2
125000,22.21,1012.88,44.18
130000,22.28,1012.87,44.1
135000,22.27,1012.73,43.97
140000,22.26,1012.84,44.63
145000,22.31,1012.82,44.29
150000,22.41,1012.85,44.3
155000,22.26,1012.84,44.31
160000,22.45,1012.79,44.75
165000,22.33,1012.86,44.17
170000,22.33,1012.72,44.07
175000,22.49,1012.81,44.29
180000,22.2,1012.8,44.23
185000,22.36,1012.73,44.03
190000,22.55,1012.7,43.88
195000,22.53,1012.72,43.87
200000,22.44,1012.68,44.02
205000,22.35,1012.78,43.93
210000,22.64,1012.74,44.32
215000,22.36,1012.71,43.98
220000,22.62,1012.63,44.15
225000,22.54,1012.78,44.04
230000,22.5,1012.67,43.43
235000,22.52,1012.68,44.38
240000,22.47,1012.7,43.28
245000,22.5,1012.69,43.97
250000,22.66,1012.67,43.37
255000,22.59,1012.69,43.82
260000,22.51,1012.72,43.68
265000,22.63,1012.72,43.81
270000,22.61,1012.76,43.67
275000,22.57,1012.65,44.02
280000,22.61,1012.66,43.91
285000,22.57,1012.54,43.61
290000,22.64,1012.59,43.76
295000,22.69,1012.57,43.63
300000,22.63,1012.54,43.58
305000,22.65,1012.57,43.58
310000,22.71,1012.57,43.52
315000,22.76,1012.56,43.49
320000,22.69,1012.7,42.79
325000,22.76,1012.56,43.29
330000,22.86,1012.57,43.97
335000,22.69,1012.59,43.12
340000,22.68,1012.56,43.16
345000,22.76,1012.45,43.82
350000,22.74,1012.64,42.89
355000,22.79,1012.7,42.91
360000,22.65,1012.51,43.29
365000,22.84,1012.59,43.04
370000,22.67,1012.5,43.47
375000,22.84,1012.42,43.06
380000,22.93,1012.62,43.22
385000,22.85,1012.44,42.77
390000,22.84,1012.52,43.17
395000,22.81,1012.44,42.74
400000,22.76,1012.52,42.25
405000,22.84,1012.5,43.38
410000,22.88,1012.52,42.78
415000,22.83,1012.43,43.33
420000,22.98,1012.49,43.85
425000,22.9,1012.49,42.92
430000,22.9,1012.57,43.25
435000,22.81,1012.42,42.91
440000,23.0,1012.37,42.08
445000,22.79,1012.43,42.7
450000,22.98,1012.39,42.34
455000,22.8,1012.44,42.79
460000,23.06,1012.45,42.6
465000,23.09,1012.4,42.43
470000,22.96,1012.37,41.96
475000,23.02,1012.41,42.47
480000,22.96,1012.41,43.07
485000,23.03,1012.36,42.36
490000,23.03,1012.31,42.47
495000,23.05,1012.46,42.77
500000,23.14,1012.33,42.67
505000,22.98,1012.38,42.57
510000,23.01,1012.45,42.59
515000,22.93,1012.38,42.27
520000,23.1,1012.37,42.49
525000,22.94,1012.28,42.58
530000,23.22,1012.43,42.86
535000,22.96,1012.36,41.72
540000,23.26,1012.33,41.93
545000,23.31,1012.35,41.69
550000,23.18,1012.27,42.26
555000,23.13,1012.37,41.78
560000,23.2,1012.39,41.94
565000,23.2,1012.3,41.95
570000,23.24,1012.29,41.85
575000,23.34,1012.32,42.06
580000,23.16,1012.23,42.46
585000,23.21,1012.29,42.01
590000,23.28,1012.26,42.27
595000,23.23,1012.3,42.22
600000,23.24,1012.21,41.72
605000,23.2,1012.2,42.24
610000,23.27,1012.32,42.64
615000,23.28,1012.16,41.82
620000,23.28,1012.15,41.83
625000,23.32,1012.2,41.66
630000,23.25,1012.31,41.82
635000,23.25,1012.19,42.13
640000,23.27,1012.23,42.04
645000,23.39,1012.27,41.63
650000,23.43,1012.15,41.66
655000,23.45,1012.23,41.75
660000,23.27,1012.21,41.54
665000,23.3,1012.15,41.78
670000,23.21,1012.19,41.74
675000,23.34,1012.22,41.85
680000,23.35,1012.13,41.85
685000,23.29,1012.14,41.43
690000,23.42,1012.16,41.61
695000,23.52,1012.16,41.49
700000,23.34,1012.18,41.72
705000,23.56,1012.1,41.55
710000,23.45,1012.12,41.52
715000,23.32,1012.16,41.69
720000,23.56,1012.23,41.38
725000,23.48,1012.11,42.03
730000,23.35,1012.13,40.99
735000,23.29,1012.0,41.0
740000,23.59,1012.05,41.32
745000,23.42,1012.12,41.04
750000,23.63,1012.04,41.12
755000,23.54,1012.08,41.75
760000,23.55,1012.02,41.14
765000,23.5,1012.11,41.4
770000,23.55,1012.11,41.11
775000,23.55,1012.07,41.7
780000,23.57,1012.04,40.91
785000,23.64,1012.02,41.31
790000,23.44,1012.1,40.78
795000,23.54,1012.09,40.76
800000,23.6,1012.04,40.84
805000,23.72,1012.11,40.53
810000,23.51,1012.07,40.71
815000,23.6,1012.03,41.29
820000,23.62,1012.02,40.83
825000,23.75,1011.99,41.15
830000,23.62,1012.01,40.97
835000,23.65,1011.95,41.24
840000,23.79,1012.01,41.2
845000,23.75,1012.04,41.06
850000,23.71,1012.03,40.97
855000,23.62,1011.98,40.36
860000,23.7,1012.0,41.28
865000,23.73,1012.02,40.89
870000,23.64,1011.9,40.58
875000,23.62,1011.99,40.79
880000,23.78,1011.96,41.15
885000,23.83,1011.92,40.73
890000,23.71,1011.87,41.0
895000,23.86,1011.94,40.63
900000,23.86,1011.82,40.81
905000,23.79,1011.91,41.16
910000,23.86,1011.92,40.69
915000,23.76,1011.9,40.31
920000,23.91,1011.97,40.92
925000,23.72,1012.02,41.26
930000,23.83,1011.87,40.39
935000,23.85,1011.86,40.62
940000,23.92,1011.83,41.21
945000,23.96,1011.84,40.17
950000,23.82,1011.84,40.5
955000,23.64,1011.88,41.1
960000,23.77,1011.87,40.09
965000,23.92,1011.87,41.11
970000,23.89,1011.86,40.67
975000,23.84,1011.81,40.58
980000,23.87,1011.88,40.58
985000,23.85,1011.88,40.98
990000,23.81,1011.95,40.36
995000,23.85,1011.98,40.47
1000000,24.02,1011.89,39.9
1005000,23.93,1011.82,39.98
1010000,23.79,1011.85,40.55
1015000,23.97,1011.82,40.11
1020000,23.86,1011.81,40.03
1025000,23.93,1011.83,40.05
1030000,23.94,1011.79,40.3
1035000,24.0,1011.83,40.43
1040000,23.84,1011.8,40.35
1045000,24.03,1011.73,40.3
1050000,24.08,1011.8,40.21
1055000,24.03,1011.82,40.43
1060000,24.0,1011.81,39.97
1065000,23.99,1011.86,40.13
1070000,24.0,1011.77,40.41
1075000,23.95,1011.84,39.88
1080000,23.94,1011.8,40.18
1085000,24.05,1011.84,40.01
1090000,24.07,1011.73,40.49
1095000,24.09,1011.8,40.16
1100000,23.99,1011.75,40.24
1105000,24.05,1011.77,39.66
1110000,24.07,1011.73,39.73
1115000,24.05,1011.67,40.25
1120000,24.14,1011.75,39.73
1125000,24.0,1011.75,39.28
1130000,24.1,1011.78,39.9
1135000,24.05,1011.75,40.09
1140000,24.18,1011.74,39.76
1145000,24.07,1011.75,40.42
1150000,24.08,1011.68,39.68
1155000,23.95,1011.75,39.52
1160000,24.02,1011.63,39.58
1165000,24.17,1011.66,39.37
1170000,24.15,1011.7,40.01
1175000,24.2,1011.72,39.48
1180000,24.13,1011.74,39.68
1185000,24.03,1011.77,39.72
1190000,24.12,1011.71,40.14
1195000,24.18,1011.69,40.02
1200000,24.34,1011.77,40.01
1205000,24.08,1011.89,39.43
1210000,24.15,1011.66,40.27
1215000,24.21,1011.62,39.85
1220000,24.23,1011.67,39.39
1225000,24.13,1011.66,39.75
1230000,24.16,1011.72,39.44
1235000,24.06,1011.64,40.12
1240000,24.16,1011.79,39.85
1245000,24.12,1011.63,39.76
1250000,24.12,1011.79,39.38
1255000,24.28,1011.74,39.63
1260000,24.15,1011.65,39.76
1265000,24.3,1011.66,39.22
1270000,24.24,1011.62,38.98
1275000,24.19,1011.58,39.79
1280000,24.4,1011.74,39.44
1285000,24.21,1011.68,39.91
1290000,24.22,1011.64,40.25
1295000,24.25,1011.62,39.61
1300000,24.31,1011.59,39.49
1305000,24.18,1011.62,40.11
1310000,24.33,1011.63,39.26
1315000,24.25,1011.68,39.36
1320000,24.4,1011.56,39.43
1325000,24.43,1011.53,39.86
1330000,24.14,1011.62,39.45
1335000,24.36,1011.46,38.91
1340000,24.26,1011.62,39.21
1345000,24.29,1011.56,39.35
1350000,24.24,1011.63,39.63
1355000,24.43,1011.58,39.35
1360000,24.32,1011.59,39.42
1365000,24.2,1011.63,39.15
1370000,24.25,1011.52,39.77
1375000,24.32,1011.66,39.49
1380000,24.2,1011.55,39.63
1385000,24.28,1011.54,39.34
1390000,24.33,1011.54,39.28
1395000,24.31,1011.46,39.52
1400000,24.28,1011.66,39.02
1405000,24.23,1011.65,38.88
1410000,24.31,1011.62,39.25
1415000,24.23,1011.59,39.28
1420000,24.47,1011.61,40.24
1425000,24.24,1011.58,39.0
1430000,24.46,1011.62,39.54
1435000,24.31,1011.54,38.69
1440000,24.51,1011.6,39.22
1445000,24.46,1011.61,39.58
1450000,24.25,1011.53,39.34
1455000,24.42,1011.62,38.97
1460000,24.4,1011.68,39.47
1465000,24.46,1011.56,39.48
1470000,24.54,1011.57,39.61
1475000,24.33,1011.59,39.51
1480000,24.34,1011.61,39.03
1485000,24.34,1011.56,39.8
1490000,24.43,1011.6,39.0
1495000,24.42,1011.49,39.04
1500000,24.48,1011.55,39.64
1505000,24.4,1011.54,39.58
1510000,24.37,1011.47,39.58
1515000,24.46,1011.44,39.2
1520000,24.39,1011.63,38.96
1525000,24.38,1011.5,38.86
1530000,24.37,1011.47,38.86
1535000,24.3,1011.47,38.69
1540000,24.39,1011.5,38.79
1545000,24.48,1011.53,39.02
1550000,24.4,1011.62,39.21
1555000,24.48,1011.4,38.94
1560000,24.27,1011.51,39.24
1565000,24.39,1011.56,38.82
1570000,24.5,1011.45,39.04
1575000,24.49,1011.56,39.08
1580000,24.61,1011.51,38.97
1585000,24.24,1011.61,38.99
1590000,24.36,1011.59,39.47
1595000,24.47,1011.45,39.22
1600000,24.41,1011.46,39.4
1605000,24.29,1011.55,39.22
1610000,24.63,1011.54,38.46
1615000,24.4,1011.52,39.18
1620000,24.55,1011.42,38.97
1625000,24.55,1011.59,39.63
1630000,24.44,1011.57,39.58
1635000,24.57,1011.55,39.31
1640000,24.41,1011.44,39.35
1645000,24.45,1011.51,38.88
1650000,24.45,1011.52,38.74
1655000,24.49,1011.52,39.02
1660000,24.42,1011.55,39.61
1665000,24.43,1011.57,39.31
1670000,24.27,1011.47,38.85
1675000,24.55,1011.52,39.18
1680000,24.54,1011.46,38.81
1685000,24.39,1011.5,38.99
1690000,24.5,1011.47,39.3
1695000,24.56,1011.58,39.24
1700000,24.51,1011.54,39.21
1705000,24.44,1011.57,39.54
1710000,24.65,1011.51,39.12
1715000,24.53,1011.5,39.2
1720000,24.48,1011.49,39.54
1725000,24.51,1011.51,39.28
1730000,24.51,1011.52,38.99
1735000,24.4,1011.5,38.67
1740000,24.51,1011.44,39.28
1745000,24.56,1011.52,38.98
1750000,24.53,1011.4,38.68
1755000,24.49,1011.52,38.98
1760000,24.42,1011.51,38.87
1765000,24.41,1011.52,38.94
1770000,24.59,1011.53,39.22
1775000,24.53,1011.46,38.72
1780000,24.38,1011.64,38.68
1785000,24.48,1011.48,38.92
1790000,24.45,1011.41,38.7
1795000,24.39,1011.49,38.79
1800000,24.45,1011.51,38.83
1805000,24.57,1011.48,39.07
1810000,24.39,1011.53,38.88
1815000,24.53,1011.52,38.95
1820000,24.52,1011.48,39.4
1825000,24.57,1011.52,38.65
1830000,24.41,1011.47,38.93
1835000,24.53,1011.46,39.36
1840000,24.5,1011.4,38.86
1845000,24.29,1011.46,38.84
1850000,24.45,1011.49,38.89
1855000,24.45,1011.58,39.37
1860000,24.41,1011.56,38.52
1865000,24.43,1011.58,38.34
1870000,24.54,1011.44,38.97
1875000,24.48,1011.59,38.77
1880000,24.49,1011.54,38.94
1885000,24.43,1011.5,39.04
1890000,24.56,1011.46,38.88
1895000,24.52,1011.5,38.97
1900000,24.49,1011.47,38.78
1905000,24.52,1011.45,39.37
1910000,24.51,1011.44,39.11
1915000,24.5,1011.55,39.38
1920000,24.46,1011.47,38.85
1925000,24.41,1011.47,39.12
1930000,24.49,1011.49,38.82
1935000,24.51,1011.49,38.73
1940000,24.47,1011.5,38.72
1945000,24.55,1011.55,39.06
1950000,24.49,1011.54,39.04
1955000,24.55,1011.6,39.08
1960000,24.51,1011.56,38.96
1965000,24.38,1011.56,38.59
1970000,24.62,1011.56,39.12
1975000,24.47,1011.61,38.79
1980000,24.38,1011.49,39.0
1985000,24.39,1011.53,39.12
1990000,24.4,1011.6,38.66
1995000,24.36,1011.54,39.02
2000000,24.5,1011.49,38.78
2005000,24.41,1011.49,39.25
2010000,24.42,1011.56,39.28
2015000,24.54,1011.57,39.34
2020000,24.52,1011.5,39.03
2025000,24.31,1011.54,38.91
2030000,24.48,1011.56,38.71
2035000,24.37,1011.51,38.97
2040000,24.46,1011.48,39.15
2045000,24.31,1011.43,39.35
2050000,24.34,1011.51,38.72
2055000,24.33,1011.52,39.02
2060000,24.51,1011.56,39.08
2065000,24.49,1011.6,39.28
2070000,24.4,1011.59,39.7
2075000,24.48,1011.63,39.45
2080000,24.49,1011.49,38.84
2085000,24.42,1011.46,39.01
2090000,24.49,1011.51,39.35
2095000,24.31,1011.52,39.5
2100000,24.43,1011.57,39.72
2105000,24.52,1011.51,39.61
2110000,24.36,1011.55,39.22
2115000,24.49,1011.5,39.36
2120000,24.45,1011.6,39.17
2125000,24.48,1011.52,39.58
2130000,24.43,1011.49,39.37
2135000,24.41,1011.55,39.03
2140000,24.37,1011.49,39.77
2145000,24.3,1011.53,39.61
2150000,24.43,1011.61,39.73
2155000,24.36,1011.52,39.54
2160000,24.44,1011.56,38.91
2165000,24.47,1011.6,38.89
2170000,24.43,1011.51,39.17
2175000,24.28,1011.55,39.07
2180000,24.31,1011.62,39.42
2185000,24.41,1011.64,39.22
2190000,24.36,1011.61,39.86
2195000,24.42,1011.66,39.66
2200000,24.43,1011.5,39.63
2205000,24.36,1011.6,39.21
2210000,24.31,1011.62,39.63
2215000,24.22,1011.61,39.22
2220000,24.26,1011.62,39.3
2225000,24.28,1011.56,39.49
2230000,24.33,1011.55,39.17
2235000,24.31,1011.63,39.11
2240000,24.36,1011.57,40.26
2245000,24.24,1011.57,39.5
2250000,24.24,1011.66,40.0
2255000,24.27,1011.63,39.31
2260000,24.3,1011.69,39.75
2265000,24.22,1011.7,39.84
2270000,24.33,1011.59,39.52
2275000,24.22,1011.65,39.41
2280000,24.11,1011.68,39.58
2285000,24.37,1011.63,39.59
2290000,24.36,1011.65,39.63
2295000,24.53,1011.63,39.6
2300000,24.4,1011.6,39.25
2305000,24.15,1011.67,39.76
2310000,24.32,1011.58,39.89
2315000,24.35,1011.64,39.61
2320000,24.3,1011.67,39.8
2325000,24.16,1011.65,39.26
2330000,24.29,1011.68,39.6
2335000,24.26,1011.58,39.9
2340000,24.19,1011.67,39.99
2345000,24.16,1011.73,39.7
2350000,24.22,1011.7,39.3
2355000,24.26,1011.68,40.0
2360000,24.19,1011.66,39.81
2365000,24.2,1011.62,39.66
2370000,24.3,1011.68,39.47
2375000,24.25,1011.59,39.1
2380000,24.19,1011.7,39.82
2385000,24.11,1011.68,39.35
2390000,24.19,1011.61,39.73
2395000,24.19,1011.61,39.63
2400000,24.23,1011.78,39.35
2405000,24.19,1011.64,39.41
2410000,24.28,1011.74,39.59
2415000,24.17,1011.74,39.9
2420000,24.32,1011.74,38.96
2425000,24.11,1011.68,39.81
2430000,24.13,1011.69,39.56
2435000,24.23,1011.75,39.7
2440000,24.17,1011.76,40.29
2445000,24.03,1011.77,39.74
2450000,24.2,1011.73,39.26
2455000,24.11,1011.65,39.89
2460000,24.09,1011.72,39.52
2465000,24.0,1011.7,39.91
2470000,24.19,1011.78,39.86
2475000,24.18,1011.68,40.22
2480000,24.06,1011.77,40.22
2485000,24.01,1011.8,40.04
2490000,24.25,1011.75,40.44
2495000,24.11,1011.71,40.48
2500000,23.96,1011.66,40.34
2505000,24.13,1011.78,40.02
2510000,24.16,1011.81,39.92
2515000,24.09,1011.72,39.96
2520000,23.94,1011.68,39.79
2525000,24.11,1011.74,40.0
2530000,23.92,1011.84,40.18
2535000,24.04,1011.79,39.84
2540000,23.92,1011.84,40.19
2545000,24.05,1011.65,40.56
2550000,23.94,1011.92,40.09
2555000,23.98,1011.85,39.99
2560000,24.04,1011.79,40.66
2565000,24.03,1011.85,40.07
2570000,23.94,1011.84,39.69
2575000,23.91,1011.88,39.94
2580000,24.05,1011.8,40.43
2585000,23.84,1011.86,40.49
2590000,24.02,1011.91,40.75
2595000,23.94,1011.79,40.78
2600000,23.81,1011.83,40.62
2605000,23.94,1011.93,40.42
2610000,23.77,1011.85,40.49
2615000,23.87,1011.93,40.38
2620000,23.77,1011.89,40.13
2625000,24.02,1011.89,40.07
2630000,23.96,1012.0,39.91
2635000,23.94,1011.91,40.58
2640000,23.89,1011.91,40.33
2645000,23.96,1011.82,41.15
2650000,23.97,1011.83,40.57
2655000,23.95,1011.87,40.55
2660000,23.8,1011.96,40.43
2665000,23.82,1011.93,40.57
2670000,23.74,1011.84,40.19
2675000,23.71,1011.83,40.45
2680000,23.82,1011.92,40.44
2685000,23.71,1011.88,40.29
2690000,23.68,1011.97,40.3
2695000,23.78,1011.9,41.47
2700000,23.62,1011.95,40.66
2705000,23.7,1011.96,40.82
2710000,23.67,1011.97,40.91
2715000,23.85,1011.92,41.25
2720000,23.72,1011.86,40.99
2725000,23.72,1011.92,41.13
2730000,23.68,1012.02,40.85
2735000,23.77,1012.01,41.03
2740000,23.62,1012.02,40.91
2745000,23.86,1012.01,41.15
2750000,23.63,1011.97,40.98
2755000,23.59,1011.93,40.93
2760000,23.67,1012.01,41.32
2765000,23.63,1012.04,40.96
2770000,23.64,1012.02,40.4
2775000,23.65,1011.98,40.76
2780000,23.49,1011.99,40.5
2785000,23.7,1012.01,40.58
2790000,23.57,1012.06,40.92
2795000,23.59,1012.01,41.08
2800000,23.47,1012.03,40.98
2805000,23.83,1012.03,41.03
2810000,23.67,1012.04,41.26
2815000,23.51,1012.13,41.02
2820000,23.6,1012.11,41.13
2825000,23.56,1012.09,41.45
2830000,23.47,1012.08,40.98
2835000,23.49,1012.04,41.65
2840000,23.67,1012.21,41.29
2845000,23.46,1012.03,41.81
2850000,23.4,1012.07,41.18
2855000,23.65,1012.04,41.7
2860000,23.61,1012.09,41.53
2865000,23.37,1012.1,41.35
2870000,23.28,1012.13,41.54
2875000,23.34,1012.04,41.23
2880000,23.43,1012.1,41.19
2885000,23.38,1012.14,41.35
2890000,23.44,1012.12,41.65
2895000,23.43,1012.18,41.57
2900000,23.51,1012.2,41.12
2905000,23.5,1012.23,41.29
2910000,23.41,1012.13,41.73
2915000,23.45,1012.12,42.02
2920000,23.33,1012.15,41.95
2925000,23.55,1012.14,41.9
2930000,23.4,1012.09,41.4
2935000,23.27,1012.15,41.59
2940000,23.36,1012.25,41.86
2945000,23.56,1012.18,41.99
2950000,23.38,1012.27,41.66
2955000,23.4,1012.28,41.58
2960000,23.32,1012.23,41.69
2965000,23.25,1012.3,41.77
2970000,23.44,1012.19,41.8
2975000,23.36,1012.21,41.62
2980000,23.23,1012.24,41.71
2985000,23.29,1012.12,41.76
2990000,23.25,1012.21,41.66
2995000,23.19,1012.25,42.42
3000000,23.14,1012.24,42.29
3005000,23.27,1012.25,41.89
3010000,23.23,1012.26,41.39
3015000,23.16,1012.17,42.46
3020000,23.28,1012.23,42.33
3025000,23.4,1012.25,42.5
3030000,23.22,1012.27,41.81
3035000,23.14,1012.27,41.47
3040000,23.22,1012.28,42.32
3045000,23.13,1012.45,41.71
3050000,23.08,1012.34,42.94
3055000,23.07,1012.4,41.98
3060000,23.24,1012.32,42.95
3065000,23.27,1012.29,43.18
3070000,23.03,1012.32,42.87
3075000,23.05,1012.3,42.39
3080000,23.13,1012.36,42.15
3085000,23.1,1012.38,42.84
3090000,23.1,1012.29,42.43
3095000,23.02,1012.43,41.94
3100000,23.1,1012.31,42.85
3105000,23.11,1012.38,42.64
3110000,23.01,1012.41,42.5
3115000,23.09,1012.39,41.79
3120000,22.98,1012.47,43.0
3125000,23.02,1012.39,42.48
3130000,23.05,1012.43,42.31
3135000,23.04,1012.47,42.35
3140000,22.96,1012.44,42.87
3145000,22.93,1012.39,42.54
3150000,22.99,1012.45,42.7
3155000,22.84,1012.38,42.92
3160000,22.84,1012.45,42.64
3165000,22.88,1012.45,43.28
3170000,22.94,1012.44,42.36
3175000,22.95,1012.51,43.01
3180000,22.99,1012.49,42.46
3185000,22.88,1012.49,43.09
3190000,22.84,1012.47,43.01
3195000,22.97,1012.53,43.12
3200000,22.89,1012.44,42.62
3205000,22.84,1012.55,43.09
3210000,22.88,1012.42,42.56
3215000,22.91,1012.5,42.63
3220000,22.88,1012.52,43.93
3225000,22.9,1012.54,43.03
3230000,22.81,1012.52,42.66
3235000,22.86,1012.54,42.29
3240000,22.72,1012.5,43.44
3245000,22.76,1012.62,42.69
3250000,22.67,1012.6,43.0
3255000,22.66,1012.53,42.99
3260000,22.77,1012.62,42.77
3265000,22.7,1012.57,43.3
3270000,22.78,1012.58,43.12
3275000,22.61,1012.49,43.21
3280000,22.69,1012.63,43.23
3285000,22.86,1012.59,43.23
3290000,22.7,1012.55,43.46
3295000,22.49,1012.64,43.44
3300000,22.66,1012.62,43.06
3305000,22.56,1012.7,43.62
3310000,22.58,1012.65,43.62
3315000,22.77,1012.69,43.65
3320000,22.57,1012.73,43.52
3325000,22.52,1012.58,43.32
3330000,22.55,1012.69,43.87
3335000,22.67,1012.66,43.87
3340000,22.74,1012.71,44.13
3345000,22.43,1012.63,43.45
3350000,22.33,1012.68,44.12
3355000,22.49,1012.69,43.47
3360000,22.48,1012.7,43.39
3365000,22.6,1012.6,43.87
3370000,22.46,1012.78,44.03
3375000,22.32,1012.59,43.53
3380000,22.44,1012.7,43.86
3385000,22.52,1012.65,43.34
3390000,22.48,1012.71,43.88
3395000,22.39,1012.72,44.38
3400000,22.3,1012.68,44.15
3405000,22.55,1012.74,43.61
3410000,22.25,1012.77,43.63
3415000,22.58,1012.88,44.1
3420000,22.43,1012.76,44.4
3425000,22.38,1012.77,44.5
3430000,22.42,1012.88,43.62
3435000,22.31,1012.74,44.39
3440000,22.31,1012.82,43.81
3445000,22.33,1012.91,44.68
3450000,22.18,1012.82,44.46
3455000,22.28,1012.76,44.44
3460000,22.31,1012.84,44.22
3465000,22.48,1012.78,44.15
3470000,22.32,1012.87,43.91
3475000,22.38,1012.76,44.35
3480000,22.24,1012.81,44.71
3485000,22.06,1012.81,44.13
3490000,22.31,1012.93,44.66
3495000,22.34,1012.75,44.5
3500000,22.11,1012.85,44.55
3505000,22.21,1012.94,43.91
3510000,22.13,1012.81,44.04
3515000,22.27,1012.9,45.02
3520000,22.27,1012.9,44.29
3525000,22.24,1012.87,44.25
3530000,22.06,1012.91,45.01
3535000,22.15,1012.98,44.69
3540000,22.1,1013.06,45.23
3545000,22.14,1012.89,44.23
3550000,22.14,1012.92,44.88
3555000,22.12,1012.96,45.11
3560000,22.11,1012.91,44.56
3565000,22.12,1012.9,45.03
3570000,22.12,1012.96,44.61
3575000,21.91,1012.91,44.38
3580000,22.05,1012.95,44.62
3585000,22.1,1012.99,44.94
3590000,22.07,1013.04,44.47
3595000,22.07,1012.9,44.74
3600000,22.08,1013.03,45.2
3605000,22.0,1013.08,44.56
3610000,21.95,1013.02,45.66
3615000,22.05,1013.07,44.85
3620000,22.14,1013.05,44.8
3625000,22.13,1012.96,44.87
3630000,21.92,1012.99,45.32
3635000,21.95,1013.05,45.75
3640000,21.78,1013.12,44.96
3645000,22.02,1013.15,45.93
3650000,21.88,1013.01,45.36
3655000,21.88,1012.98,45.51
3660000,21.8,1013.15,45.6
3665000,21.84,1013.09,45.27
3670000,21.81,1013.25,45.09
3675000,21.84,1013.15,45.28
3680000,21.78,1013.04,45.78
3685000,21.87,1013.13,44.99
3690000,21.84,1013.13,45.37
3695000,21.68,1013.12,45.24
3700000,21.79,1013.13,45.42
3705000,21.84,1013.13,45.71
3710000,21.79,1013.19,45.29
3715000,21.72,1013.2,45.65
3720000,21.83,1013.19,45.49
3725000,21.8,1013.15,45.94
3730000,21.87,1013.22,46.37
3735000,21.58,1013.15,45.63
3740000,21.66,1013.2,45.62
3745000,21.77,1013.24,45.88
3750000,21.59,1013.22,45.99
3755000,21.69,1013.2,46.23
3760000,21.61,1013.19,46.04
3765000,21.68,1013.26,45.78
3770000,21.53,1013.16,45.76
3775000,21.68,1013.27,45.37
3780000,21.65,1013.23,45.63
3785000,21.77,1013.25,46.21
3790000,21.79,1013.22,45.87
3795000,21.7,1013.19,46.04
3800000,21.57,1013.31,46.16
3805000,21.48,1013.32,46.32
3810000,21.46,1013.24,45.94
3815000,21.44,1013.33,46.02
3820000,21.5,1013.23,46.03
3825000,21.63,1013.33,45.69
3830000,21.42,1013.33,46.05
3835000,21.45,1013.26,45.82
3840000,21.49,1013.29,46.59
3845000,21.46,1013.27,46.48
3850000,21.57,1013.29,45.79
3855000,21.41,1013.26,46.82
3860000,21.33,1013.32,46.79
3865000,21.5,1013.32,46.14
3870000,21.4,1013.34,46.85
3875000,21.39,1013.29,46.72
3880000,21.48,1013.35,46.68
3885000,21.39,1013.31,46.45
3890000,21.28,1013.34,46.22
3895000,21.39,1013.39,46.13
3900000,21.28,1013.39,46.69
3905000,21.35,1013.28,46.96
3910000,21.47,1013.48,46.77
3915000,21.38,1013.37,46.69
3920000,21.22,1013.42,46.22
3925000,21.35,1013.4,46.91
3930000,21.3,1013.4,46.96
3935000,21.19,1013.42,46.57
3940000,21.33,1013.43,46.84
3945000,21.3,1013.33,46.5
3950000,21.26,1013.5,46.98
3955000,21.34,1013.45,46.86
3960000,21.19,1013.44,46.6
3965000,21.17,1013.46,46.68
3970000,21.21,1013.39,47.03
3975000,21.21,1013.5,46.79
3980000,21.15,1013.54,46.91
3985000,21.33,1013.42,46.9
3990000,21.08,1013.46,46.77
3995000,21.12,1013.55,46.68
4000000,21.19,1013.44,46.93
4005000,21.24,1013.54,47.16
4010000,21.17,1013.55,47.29
4015000,21.23,1013.48,47.1
4020000,21.16,1013.58,47.32
4025000,21.2,1013.52,46.77
4030000,21.19,1013.55,47.03
4035000,21.08,1013.53,47.53
4040000,21.13,1013.58,47.41
4045000,21.06,1013.62,46.56
4050000,20.95,1013.57,47.17
4055000,20.96,1013.61,47.03
4060000,21.04,1013.59,47.36
4065000,20.95,1013.58,47.74
4070000,21.05,1013.65,47.37
4075000,20.86,1013.58,47.37
4080000,21.09,1013.67,47.57
4085000,20.9,1013.62,47.39
4090000,20.94,1013.56,47.63
4095000,20.95,1013.67,47.07
4100000,20.85,1013.82,47.27
4105000,20.96,1013.66,47.26
4110000,21.06,1013.64,47.63
4115000,21.06,1013.61,47.46
4120000,20.88,1013.59,47.71
4125000,20.93,1013.67,47.85
4130000,20.95,1013.69,47.6
4135000,20.97,1013.64,48.12
4140000,20.85,1013.72,48.27
4145000,20.67,1013.68,47.63
4150000,20.98,1013.67,48.59
4155000,20.71,1013.72,47.68
4160000,20.87,1013.68,47.68
4165000,20.67,1013.72,47.39
4170000,20.7,1013.72,47.83
4175000,20.88,1013.65,48.01
4180000,20.81,1013.71,47.67
4185000,20.77,1013.78,47.82
4190000,20.84,1013.72,48.47
4195000,20.76,1013.74,47.49
4200000,20.64,1013.77,47.93
4205000,20.76,1013.72,47.98
4210000,20.68,1013.78,47.98
4215000,20.87,1013.73,48.4
4220000,20.63,1013.75,47.84
4225000,20.8,1013.8,48.15
4230000,20.71,1013.73,48.56
4235000,20.8,1013.79,48.16
4240000,20.73,1013.79,48.12
4245000,20.63,1013.78,48.06
4250000,20.72,1013.79,48.1
4255000,20.6,1013.74,48.71
4260000,20.68,1013.86,48.11
4265000,20.75,1013.83,48.73
4270000,20.62,1013.83,48.15
4275000,20.62,1013.84,48.78
4280000,20.73,1013.84,48.72
4285000,20.38,1013.82,48.45
4290000,20.65,1013.87,48.38
4295000,20.54,1013.82,48.99
4300000,20.66,1013.93,48.44
4305000,20.51,1013.89,48.46
4310000,20.54,1013.87,48.29
4315000,20.47,1013.86,48.09
4320000,20.58,1013.92,48.3
4325000,20.38,1013.91,48.62
4330000,20.51,1013.83,47.99
4335000,20.64,1013.89,48.74
4340000,20.49,1013.92,48.23
4345000,20.45,1013.84,48.31
4350000,20.42,1013.82,48.51
4355000,20.41,1013.86,48.63
4360000,20.46,1013.88,49.3
4365000,20.51,1013.98,48.62
4370000,20.52,1013.97,48.43
4375000,20.38,1014.08,48.63
4380000,20.47,1013.93,49.03
4385000,20.34,1013.9,49.14
4390000,20.43,1013.83,48.82
4395000,20.39,1013.99,48.93
4400000,20.42,1013.97,48.94
4405000,20.29,1013.93,48.62
4410000,20.27,1014.01,49.22
4415000,20.42,1013.95,48.76
4420000,20.32,1014.04,49.09
4425000,20.49,1013.94,48.89
4430000,20.24,1013.92,48.93
4435000,20.31,1013.97,48.53
4440000,20.34,1013.99,49.29
4445000,20.36,1013.94,49.15
4450000,20.26,1014.09,49.04
4455000,20.26,1014.0,48.62
4460000,20.4,1014.13,48.57
4465000,20.27,1014.02,48.93
4470000,20.38,1014.09,49.06
4475000,20.44,1014.04,49.08
4480000,20.29,1014.0,49.6
4485000,20.3,1014.03,49.13
4490000,20.18,1014.06,48.82
4495000,20.24,1014.03,49.39
4500000,20.32,1014.1,49.21
4505000,20.17,1014.05,49.26
4510000,20.26,1014.04,48.99
4515000,20.22,1014.14,49.86
4520000,20.27,1014.03,49.74
4525000,20.13,1014.05,49.46
4530000,20.08,1014.13,49.34
4535000,20.21,1014.05,49.62
4540000,20.21,1014.08,49.67
4545000,19.95,1014.12,49.37
4550000,20.09,1014.11,49.57
4555000,20.09,1014.1,49.43
4560000,20.17,1014.18,49.32
4565000,20.24,1014.05,49.57
4570000,19.99,1014.13,49.71
4575000,20.28,1014.13,49.29
4580000,20.2,1014.13,49.56
4585000,20.18,1014.19,49.03
4590000,20.1,1014.14,49.24
4595000,19.96,1014.14,49.44
4600000,20.03,1014.14,49.49
4605000,20.08,1014.23,49.6
4610000,20.22,1014.22,49.92
4615000,20.01,1014.15,49.37
4620000,20.09,1014.16,49.8
4625000,20.07,1014.18,49.57
4630000,19.97,1014.15,49.91
4635000,20.02,1014.17,49.97
4640000,20.07,1014.11,49.7
4645000,19.95,1014.18,49.86
4650000,20.06,1014.27,49.61
4655000,19.99,1014.22,50.06
4660000,19.92,1014.23,49.99
4665000,19.98,1014.19,50.03
4670000,20.02,1014.23,49.6
4675000,19.85,1014.2,49.76
4680000,20.01,1014.18,50.04
4685000,20.0,1014.18,50.15
4690000,19.94,1014.19,49.96
4695000,19.96,1014.18,50.09
4700000,19.95,1014.19,49.39
4705000,19.98,1014.24,49.97
4710000,20.05,1014.11,50.33
4715000,20.04,1014.19,50.26
4720000,19.86,1014.19,49.94
4725000,20.07,1014.27,50.0
4730000,19.99,1014.22,50.45
4735000,20.03,1014.28,49.78
4740000,19.99,1014.27,50.23
4745000,19.99,1014.28,49.78
4750000,20.01,1014.28,50.16
4755000,19.93,1014.28,50.3
4760000,19.9,1014.26,49.92
4765000,19.83,1014.26,50.4
4770000,19.84,1014.27,50.09
4775000,19.91,1014.31,50.72
4780000,19.75,1014.27,50.31
4785000,19.72,1014.38,50.12
4790000,19.78,1014.34,49.51
4795000,19.86,1014.25,50.18
4800000,19.86,1014.34,50.32
4805000,20.0,1014.31,50.11
4810000,19.92,1014.3,50.35
4815000,19.5,1014.33,50.21
4820000,19.78,1014.28,50.52
4825000,19.64,1014.47,50.61
4830000,19.83,1014.41,50.36
4835000,19.73,1014.37,49.79
4840000,19.84,1014.38,50.46
4845000,19.67,1014.34,50.27
4850000,19.72,1014.21,49.97
4855000,19.74,1014.39,51.16
4860000,19.84,1014.3,50.22
4865000,19.85,1014.37,50.48
4870000,19.78,1014.4,51.04
4875000,19.76,1014.35,50.53
4880000,19.72,1014.24,50.54
4885000,19.69,1014.42,50.46
4890000,19.86,1014.31,50.75
4895000,19.61,1014.4,50.36
4900000,19.81,1014.34,50.64
4905000,19.77,1014.38,50.58
4910000,19.86,1014.34,50.88
4915000,19.69,1014.43,51.17
4920000,19.65,1014.26,50.53
4925000,19.66,1014.35,50.39
4930000,19.66,1014.45,50.84
4935000,19.8,1014.49,50.28
4940000,19.5,1014.48,50.6
4945000,19.69,1014.29,50.13
4950000,19.75,1014.38,49.9
4955000,19.61,1014.44,50.94
4960000,19.7,1014.53,50.87
4965000,19.82,1014.46,50.82
4970000,19.57,1014.32,50.36
4975000,19.69,1014.4,50.7
4980000,19.66,1014.42,50.9
4985000,19.66,1014.39,49.82
4990000,19.73,1014.37,50.35
4995000,19.72,1014.45,50.83
5000000,19.73,1014.35,50.57
5005000,19.6,1014.5,50.91
5010000,19.62,1014.46,50.77
5015000,19.63,1014.44,50.92
5020000,19.62,1014.36,50.78
5025000,19.61,1014.36,50.45
5030000,19.61,1014.42,50.86
5035000,19.61,1014.45,50.59
5040000,19.67,1014.45,50.88
5045000,19.73,1014.41,50.24
5050000,19.61,1014.47,50.73
5055000,19.64,1014.35,50.48
5060000,19.65,1014.47,50.51
5065000,19.64,1014.4,50.4
5070000,19.61,1014.45,50.87
5075000,19.66,1014.52,51.04
5080000,19.57,1014.49,50.33
5085000,19.6,1014.5,50.98
5090000,19.66,1014.54,50.56
5095000,19.65,1014.44,51.12
5100000,19.59,1014.49,51.26
5105000,19.63,1014.44,50.69
5110000,19.52,1014.5,51.2
5115000,19.56,1014.36,50.63
5120000,19.61,1014.41,50.23
5125000,19.54,1014.36,50.93
5130000,19.54,1014.46,51.22
5135000,19.49,1014.35,50.83
5140000,19.6,1014.39,50.74
5145000,19.53,1014.46,50.67
5150000,19.77,1014.45,50.91
5155000,19.52,1014.33,51.28
5160000,19.3,1014.54,50.47
5165000,19.44,1014.46,51.53
5170000,19.58,1014.46,50.65
5175000,19.6,1014.45,51.1
5180000,19.39,1014.5,50.99
5185000,19.44,1014.42,50.85
5190000,19.5,1014.49,50.47
5195000,19.47,1014.58,50.65
5200000,19.5,1014.47,50.83
5205000,19.63,1014.45,51.17
5210000,19.47,1014.52,50.85
5215000,19.52,1014.48,51.09
5220000,19.44,1014.43,51.54
5225000,19.57,1014.46,51.12
5230000,19.52,1014.37,50.98
5235000,19.52,1014.5,50.71
5240000,19.51,1014.54,50.9
5245000,19.49,1014.5,50.83
5250000,19.61,1014.48,51.06
5255000,19.46,1014.43,51.17
5260000,19.54,1014.52,51.18
5265000,19.4,1014.5,50.36
5270000,19.56,1014.44,51.1
5275000,19.57,1014.46,50.96
5280000,19.61,1014.41,51.16
5285000,19.52,1014.54,50.47
5290000,19.51,1014.55,51.38
5295000,19.45,1014.48,51.53
5300000,19.4,1014.49,51.03
5305000,19.52,1014.45,51.27
5310000,19.58,1014.59,50.74
5315000,19.47,1014.55,51.53
5320000,19.51,1014.42,50.92
5325000,19.58,1014.53,51.32
5330000,19.66,1014.48,50.72
5335000,19.41,1014.49,51.3
5340000,19.64,1014.51,51.0
5345000,19.49,1014.56,50.76
5350000,19.49,1014.49,50.99
5355000,19.65,1014.45,51.73
5360000,19.45,1014.46,50.8
5365000,19.55,1014.5,51.33
5370000,19.43,1014.42,50.89
5375000,19.52,1014.43,50.97
5380000,19.54,1014.46,50.75
5385000,19.41,1014.49,51.14
5390000,19.72,1014.56,50.62
5395000,19.38,1014.49,51.47
5400000,19.55,1014.47,51.3
5405000,19.61,1014.57,50.68
5410000,19.54,1014.44,50.76
5415000,19.4,1014.49,50.57
5420000,19.56,1014.5,50.74
5425000,19.54,1014.58,51.1
5430000,19.45,1014.49,50.97
5435000,19.45,1014.41,50.88
5440000,19.6,1014.46,50.42
5445000,19.49,1014.55,50.48
5450000,19.52,1014.52,51.16
5455000,19.55,1014.53,50.52
5460000,19.55,1014.57,50.93
5465000,19.53,1014.45,51.38
5470000,19.46,1014.58,50.87
5475000,19.56,1014.47,51.55
5480000,19.35,1014.51,50.36
5485000,19.41,1014.59,51.26
5490000,19.35,1014.5,50.8
5495000,19.55,1014.59,51.18
5500000,19.54,1014.52,50.65
5505000,19.57,1014.54,50.79
5510000,19.46,1014.57,51.04
5515000,19.42,1014.47,50.83
5520000,19.51,1014.49,50.89
5525000,19.65,1014.53,51.41
5530000,19.38,1014.5,51.31
5535000,19.58,1014.46,50.73
5540000,19.6,1014.48,51.15
5545000,19.53,1014.48,50.99
5550000,19.46,1014.57,51.11
5555000,19.63,1014.46,50.78
5560000,19.5,1014.44,51.15
5565000,19.58,1014.46,50.84
5570000,19.56,1014.45,50.81
5575000,19.65,1014.45,50.78
5580000,19.73,1014.38,50.57
5585000,19.68,1014.46,51.07
5590000,19.7,1014.44,50.74
5595000,19.57,1014.47,50.76
5600000,19.53,1014.41,51.05
5605000,19.61,1014.47,50.84
5610000,19.59,1014.45,50.81
5615000,19.54,1014.55,50.88
5620000,19.54,1014.46,50.77
5625000,19.47,1014.43,51.14
5630000,19.5,1014.47,50.74
5635000,19.45,1014.45,51.29
5640000,19.52,1014.43,50.74
5645000,19.53,1014.48,50.74
5650000,19.55,1014.44,50.97
5655000,19.59,1014.47,51.04
5660000,19.56,1014.52,50.99
5665000,19.69,1014.46,50.92
5670000,19.51,1014.46,51.08
5675000,19.54,1014.53,50.84
5680000,19.7,1014.4,50.74
5685000,19.54,1014.5,51.01
5690000,19.57,1014.43,50.8
5695000,19.64,1014.49,50.78
5700000,19.55,1014.45,50.83
5705000,19.61,1014.42,51.31
5710000,19.54,1014.52,51.2
5715000,19.67,1014.54,50.94
5720000,19.57,1014.42,50.57
5725000,19.67,1014.37,50.33
5730000,19.73,1014.49,50.88
5735000,19.68,1014.48,50.69
5740000,19.49,1014.5,50.87
5745000,19.5,1014.44,50.59
5750000,19.61,1014.41,50.89
5755000,19.6,1014.37,50.92
5760000,19.66,1014.36,50.83
5765000,19.7,1014.42,50.75
5770000,19.57,1014.33,50.85
5775000,19.63,1014.44,50.61
5780000,19.62,1014.43,50.65
5785000,19.71,1014.39,50.23
5790000,19.65,1014.35,49.9
5795000,19.56,1014.39,50.41
5800000,19.53,1014.4,51.0
5805000,19.72,1014.41,50.91
5810000,19.62,1014.36,50.82
5815000,19.58,1014.42,50.6
5820000,19.64,1014.38,50.94
5825000,19.54,1014.41,50.51
5830000,19.61,1014.4,50.68
5835000,19.67,1014.41,51.0
5840000,19.63,1014.41,50.04
5845000,19.72,1014.29,50.74
5850000,19.65,1014.39,50.11
5855000,19.7,1014.42,50.72
5860000,19.7,1014.38,50.87
5865000,19.76,1014.35,50.34
5870000,19.65,1014.37,50.15
5875000,19.54,1014.36,50.57
5880000,19.73,1014.42,50.09
5885000,19.68,1014.3,50.54
5890000,19.72,1014.34,50.47
5895000,19.67,1014.31,50.92
5900000,19.8,1014.35,49.98
5905000,19.72,1014.39,50.48
5910000,19.82,1014.42,50.39
5915000,19.71,1014.33,50.28
5920000,19.83,1014.33,49.89
5925000,19.8,1014.34,50.24
5930000,19.61,1014.4,50.58
5935000,19.68,1014.35,50.03
5940000,19.66,1014.23,50.58
5945000,19.85,1014.32,50.32
5950000,19.92,1014.29,49.97
5955000,19.8,1014.35,50.22
5960000,19.68,1014.29,50.5
5965000,19.85,1014.24,49.92
5970000,19.72,1014.32,50.93
5975000,19.79,1014.32,50.02
5980000,20.02,1014.28,50.09
5985000,19.83,1014.24,50.48
5990000,19.82,1014.26,50.04
5995000,19.68,1014.27,49.53
6000000,19.8,1014.27,50.02
6005000,19.79,1014.25,50.55
6010000,19.96,1014.28,50.51
6015000,19.83,1014.27,49.91
6020000,19.91,1014.32,49.76
6025000,19.88,1014.26,49.86
6030000,19.87,1014.18,49.99
6035000,20.03,1014.3,49.76
6040000,19.92,1014.28,49.99
6045000,19.84,1014.27,49.9
6050000,19.88,1014.3,50.31
6055000,19.79,1014.24,50.53
6060000,20.05,1014.28,50.51
6065000,20.01,1014.25,49.42
6070000,19.91,1014.19,50.04
6075000,20.06,1014.26,49.75
6080000,19.83,1014.15,49.4
6085000,20.06,1014.28,49.92
6090000,19.93,1014.23,49.94
6095000,20.06,1014.25,49.34
6100000,20.04,1014.13,49.79
6105000,19.85,1014.23,49.52
6110000,19.85,1014.17,50.13
6115000,19.96,1014.25,50.28
6120000,20.0,1014.24,49.56
6125000,19.98,1014.15,50.0
6130000,20.06,1014.25,49.81
6135000,20.07,1014.19,49.64
6140000,20.04,1014.23,50.45
6145000,20.07,1014.14,49.48
6150000,19.91,1014.19,49.43
6155000,20.13,1014.17,49.94
6160000,20.04,1014.2,49.42
6165000,20.03,1014.16,49.68
6170000,20.05,1014.21,49.56
6175000,20.12,1014.19,50.17
6180000,19.79,1014.13,50.04
6185000,19.86,1014.24,49.67
6190000,19.91,1014.19,49.31
6195000,20.0,1014.23,49.5
6200000,20.01,1014.25,49.87
6205000,20.07,1014.11,49.52
6210000,20.23,1014.09,49.18
6215000,20.21,1014.12,49.58
6220000,20.16,1014.11,48.8
6225000,20.1,1014.19,50.16
6230000,20.12,1014.12,49.9
6235000,20.18,1014.13,48.88
6240000,20.11,1014.13,49.0
6245000,20.12,1014.2,49.36
6250000,20.04,1014.01,49.42
6255000,20.12,1014.06,49.47
6260000,20.19,1014.11,49.49
6265000,20.08,1014.06,49.27
6270000,20.18,1014.14,49.13
6275000,20.13,1014.16,49.38
6280000,20.09,1014.06,48.95
6285000,20.12,1014.01,49.06
6290000,20.38,1014.12,49.69
6295000,20.31,1014.06,49.38
6300000,20.24,1014.01,48.89
6305000,20.31,1014.0,49.28
6310000,20.3,1014.09,49.32
6315000,20.16,1014.07,49.15
6320000,20.19,1013.94,49.3
6325000,20.15,1013.95,49.67
6330000,20.18,1014.01,49.15
6335000,20.29,1013.98,48.9
6340000,20.36,1014.01,49.09
6345000,20.13,1013.99,49.33
6350000,20.25,1013.97,49.17
6355000,20.37,1014.03,48.86
6360000,20.39,1014.09,49.37
6365000,20.21,1014.15,48.6
6370000,20.25,1014.01,48.95
6375000,20.38,1014.05,49.24
6380000,20.29,1013.99,49.24
6385000,20.45,1014.04,49.16
6390000,20.43,1013.95,48.5
6395000,20.42,1013.95,49.25
6400000,20.32,1013.95,48.73
6405000,20.48,1014.0,48.84
6410000,20.43,1014.03,48.29
6415000,20.48,1014.0,49.16
6420000,20.49,1013.91,48.61
6425000,20.49,1013.91,48.7
6430000,20.32,1013.87,48.84
6435000,20.42,1013.89,48.66
6440000,20.48,1013.91,48.75
6445000,20.48,1013.91,48.67
6450000,20.41,1013.89,48.1
6455000,20.39,1013.85,48.51
6460000,20.59,1013.9,48.66
6465000,20.43,1013.91,49.1
6470000,20.51,1013.85,48.22
6475000,20.54,1013.84,48.76
6480000,20.45,1013.8,48.67
6485000,20.44,1013.91,48.82
6490000,20.5,1013.88,48.9
6495000,20.52,1013.95,48.36
6500000,20.49,1013.87,48.51
6505000,20.67,1013.9,48.53
6510000,20.64,1013.86,48.64
6515000,20.55,1013.79,48.44
6520000,20.82,1013.88,48.15
6525000,20.72,1013.74,48.26
6530000,20.65,1013.79,48.13
6535000,20.62,1013.8,48.05
6540000,20.55,1013.74,47.98
6545000,20.64,1013.86,48.05
6550000,20.56,1013.89,47.88
6555000,20.67,1013.75,47.99
6560000,20.71,1013.82,48.56
6565000,20.74,1013.8,48.34
6570000,20.61,1013.84,48.29
6575000,20.74,1013.81,47.67
6580000,20.62,1013.78,48.13
6585000,20.77,1013.77,48.01
6590000,20.83,1013.78,48.27
6595000,20.84,1013.82,48.12
6600000,20.81,1013.76,48.32
6605000,20.94,1013.69,47.75
6610000,20.9,1013.75,47.83
6615000,20.72,1013.78,48.1
6620000,20.95,1013.72,48.18
6625000,20.93,1013.65,47.57
6630000,20.83,1013.69,47.74
6635000,20.76,1013.7,47.57
6640000,20.72,1013.72,47.85
6645000,20.91,1013.72,47.92
6650000,20.91,1013.65,47.62
6655000,20.88,1013.73,47.94
6660000,20.85,1013.67,47.8
6665000,20.78,1013.72,47.93
6670000,20.96,1013.72,47.98
6675000,20.74,1013.67,47.22
6680000,20.83,1013.65,47.99
6685000,20.94,1013.66,48.14
6690000,20.94,1013.6,47.16
6695000,20.86,1013.65,47.1
6700000,20.98,1013.65,47.32
6705000,20.96,1013.65,47.32
6710000,21.02,1013.59,47.66
6715000,21.09,1013.63,47.08
6720000,20.99,1013.61,47.18
6725000,20.89,1013.59,47.68
6730000,21.07,1013.66,47.38
6735000,21.17,1013.55,47.5
6740000,21.0,1013.66,47.35
6745000,20.95,1013.59,46.98
6750000,20.97,1013.62,47.29
6755000,21.12,1013.52,47.66
6760000,21.05,1013.46,46.98
6765000,20.96,1013.48,47.38
6770000,21.11,1013.58,46.98
6775000,21.14,1013.47,47.03
6780000,21.09,1013.51,47.18
6785000,21.11,1013.55,47.22
6790000,21.2,1013.5,47.3
6795000,21.16,1013.53,47.12
6800000,20.97,1013.61,46.78
6805000,21.09,1013.49,46.63
6810000,21.31,1013.47,46.8
6815000,21.11,1013.52,47.4
6820000,21.21,1013.45,47.35
6825000,21.22,1013.45,46.91
6830000,21.22,1013.49,46.9
6835000,21.22,1013.56,47.73
6840000,21.24,1013.42,46.54
6845000,21.3,1013.38,46.77
6850000,21.28,1013.46,46.68
6855000,21.41,1013.48,46.64
6860000,21.33,1013.43,46.6
6865000,21.25,1013.49,46.56
6870000,21.28,1013.48,46.8
6875000,21.32,1013.39,47.38
6880000,21.38,1013.3,47.05
6885000,21.22,1013.34,46.42
6890000,21.43,1013.39,46.67
6895000,21.21,1013.45,46.5
6900000,21.25,1013.4,46.7
6905000,21.37,1013.45,46.7
6910000,21.49,1013.37,46.54
6915000,21.45,1013.43,46.38
6920000,21.55,1013.37,46.45
6925000,21.44,1013.31,45.93
6930000,21.58,1013.4,46.12
6935000,21.44,1013.37,46.23
6940000,21.55,1013.31,46.65
6945000,21.4,1013.36,46.79
6950000,21.5,1013.3,46.37
6955000,21.53,1013.3,46.15
6960000,21.62,1013.38,46.05
6965000,21.39,1013.24,45.89
6970000,21.48,1013.3,45.78
6975000,21.52,1013.15,46.21
6980000,21.65,1013.23,45.28
6985000,21.55,1013.31,46.0
6990000,21.56,1013.34,46.6
6995000,21.6,1013.21,46.12
7000000,21.49,1013.26,45.97
7005000,21.53,1013.33,45.95
7010000,21.47,1013.27,46.2
7015000,21.6,1013.2,45.83
7020000,21.56,1013.21,45.73
7025000,21.6,1013.16,45.99
7030000,21.57,1013.27,46.0
7035000,21.76,1013.15,46.28
7040000,21.64,1013.24,46.1
7045000,21.74,1013.21,45.95
7050000,21.67,1013.23,45.52
7055000,21.72,1013.27,46.36
7060000,21.78,1013.26,45.89
7065000,21.79,1013.27,45.69
7070000,21.59,1013.16,45.74
7075000,21.66,1013.1,45.51
7080000,21.64,1013.2,46.14
7085000,21.8,1013.08,45.66
7090000,21.69,1013.16,45.33
7095000,21.85,1013.17,45.45
7100000,21.82,1013.13,46.04
7105000,21.64,1013.14,45.87
7110000,21.77,1013.09,45.52
7115000,21.74,1013.08,45.14
7120000,21.81,1013.0,45.24
7125000,21.88,1013.08,45.27
7130000,21.92,1013.17,45.15
7135000,21.95,1013.0,45.09
7140000,21.91,1013.09,45.35
7145000,21.95,1013.06,45.52
7150000,21.85,1013.03,44.7
7155000,21.96,1013.02,45.54
7160000,21.99,1013.04,45.24
7165000,21.94,1013.04,44.75
7170000,22.05,1013.01,45.32
7175000,21.97,1013.05,45.2
7180000,22.03,1012.98,45.4
7185000,21.98,1013.02,44.95
7190000,21.97,1013.04,44.7
7195000,21.85,1012.99,45.24
